"Rk","Name","Age","G","PA","AB","R","H","2B","3B","HR","RBI","SB","CS","BB","SO","BA","OBP","SLG","OPS","TB","GDP","HBP","SH","SF","IBB","Team","Year"
1,"Toshiki Abe",26,25,53,49,2,9,1,0,1,4,1,1,2,10,0.184,0.212,0.265,0.477,13,2,0,1,1,0,"Chunichi Dragons",2016
2,"Ryuichiro Akada*",28,1,1,1,0,0,0,0,0,0,0,0,0,0,0,0,0,0,0,0,0,0,0,0,"Chunichi Dragons",2016
3,"Kazuyuki Akasaka",26,7,10,10,0,0,0,0,0,0,0,0,0,2,0,0,0,0,0,0,0,0,0,0,"Chunichi Dragons",2016
4,"Masahiro Araki",38,93,321,289,25,71,8,1,1,16,13,0,15,39,0.246,0.29,0.291,0.581,84,9,3,14,0,0,"Chunichi Dragons",2016
5,"Naomichi Donoue",27,131,507,456,38,116,25,3,6,46,1,1,27,69,0.254,0.298,0.362,0.66,165,14,2,20,2,0,"Chunichi Dragons",2016
6,"Issei Endo*",27,27,71,61,6,11,3,0,0,3,1,1,5,11,0.18,0.265,0.23,0.494,14,0,2,3,0,0,"Chunichi Dragons",2016
7,"Atsushi Fujii",35,87,187,167,15,36,5,1,3,19,0,0,12,45,0.216,0.265,0.311,0.577,52,3,0,6,2,1,"Chunichi Dragons",2016
8,"Hiroto Fuku*",24,27,4,4,1,1,0,0,0,1,0,0,0,3,0.25,0.25,0.25,0.5,1,0,0,0,0,0,"Chunichi Dragons",2016
9,"Nobumasa Fukuda",27,89,306,270,28,72,8,0,10,37,0,1,28,42,0.267,0.346,0.407,0.754,110,9,6,0,2,1,"Chunichi Dragons",2016
10,"Tatsuro Hamada*",21,1,1,1,0,0,0,0,0,0,0,0,0,0,0,0,0,0,0,0,0,0,0,0,"Chunichi Dragons",2016
11,"Anderson Hernandez#",33,64,256,233,25,58,12,0,5,26,1,1,17,61,0.249,0.298,0.365,0.662,85,6,0,4,2,0,"Chunichi Dragons",2016
12,"Ryosuke Hirata",28,118,494,416,61,103,24,1,14,73,4,2,72,89,0.248,0.358,0.411,0.769,171,5,2,0,4,1,"Chunichi Dragons",2016
13,"Masataka Iryo*",26,13,31,31,2,6,1,0,1,1,0,0,0,7,0.194,0.194,0.323,0.516,10,0,0,0,0,0,"Chunichi Dragons",2016
14,"Shun Ishikawa",26,2,6,5,0,0,0,0,0,0,0,0,0,2,0,0,0,0,0,0,0,1,0,0,"Chunichi Dragons",2016
15,"Junki Ito*",25,6,5,5,0,0,0,0,0,0,0,0,0,4,0,0,0,0,0,0,0,0,0,0,"Chunichi Dragons",2016
16,"Kyohei Kamezawa*",27,59,137,124,12,28,4,0,0,5,5,3,8,20,0.226,0.271,0.258,0.529,32,1,0,4,1,0,"Chunichi Dragons",2016
17,"Takuma Kato",24,1,1,1,0,0,0,0,0,0,0,0,0,0,0,0,0,0,0,0,0,0,0,0,"Chunichi Dragons",2016
18,"Iori Katsura",24,59,164,143,7,26,5,0,3,11,0,0,11,38,0.182,0.248,0.28,0.528,40,3,2,7,1,2,"Chunichi Dragons",2016
19,"Takuya Kinoshita",24,9,19,18,1,5,2,0,1,2,0,0,1,6,0.278,0.316,0.556,0.871,10,1,0,0,0,0,"Chunichi Dragons",2016
20,"Hiroki Kondo",23,21,49,43,5,8,2,0,2,4,0,0,3,13,0.186,0.255,0.372,0.627,16,0,1,2,0,0,"Chunichi Dragons",2016
21,"Takahito Kudo*",35,74,72,63,12,19,2,1,0,3,5,2,4,14,0.302,0.371,0.365,0.737,23,0,3,2,0,0,"Chunichi Dragons",2016
22,"Masato Matsui*",28,4,7,7,1,1,0,0,0,0,0,0,0,4,0.143,0.143,0.143,0.286,1,0,0,0,0,0,"Chunichi Dragons",2016
23,"Yusuke Matsui",28,14,21,21,1,4,2,0,0,0,0,0,0,8,0.19,0.19,0.286,0.476,6,0,0,0,0,0,"Chunichi Dragons",2016
24,"Taiki Mitsumata",24,15,19,16,1,2,0,0,0,0,0,0,1,4,0.125,0.176,0.125,0.301,2,0,0,2,0,0,"Chunichi Dragons",2016
25,"Hayato Mizowaki*",22,6,3,3,1,0,0,0,0,0,0,0,0,0,0,0,0,0,0,0,0,0,0,0,"Chunichi Dragons",2016
26,"Masahiko Morino*",37,68,170,142,14,38,6,0,1,15,0,0,26,24,0.268,0.388,0.331,0.719,47,1,2,0,0,0,"Chunichi Dragons",2016
27,"Ricardo Nanita*",35,92,340,319,32,91,16,0,8,35,0,1,15,52,0.285,0.318,0.411,0.728,131,9,2,0,4,0,"Chunichi Dragons",2016
28,"Drew Naylor",30,7,15,12,2,3,2,0,0,0,0,0,1,3,0.25,0.308,0.417,0.724,5,0,0,2,0,0,"Chunichi Dragons",2016
29,"Kei Nomoto*",31,48,55,49,2,8,2,0,0,7,0,0,4,13,0.163,0.218,0.204,0.422,10,1,0,0,2,0,"Chunichi Dragons",2016
30,"Jordan Norberto*",29,22,41,39,0,2,0,0,0,0,0,0,0,20,0.051,0.051,0.051,0.103,2,1,0,2,0,0,"Chunichi Dragons",2016
31,"Shinnosuke Ogasawara*",18,15,17,17,0,3,0,0,0,0,0,0,0,8,0.176,0.176,0.176,0.353,3,0,0,0,0,0,"Chunichi Dragons",2016
32,"Ryosuke Oguma",25,14,19,16,0,3,1,0,0,2,0,0,1,9,0.188,0.235,0.25,0.485,4,0,0,2,0,0,"Chunichi Dragons",2016
33,"Yudai Ono*",27,19,39,33,1,3,0,0,0,1,0,0,0,21,0.091,0.091,0.091,0.182,3,0,0,6,0,0,"Chunichi Dragons",2016
34,"Yohei Oshima*",30,143,656,599,80,175,27,9,3,27,26,12,46,69,0.292,0.348,0.382,0.73,229,3,6,4,1,1,"Chunichi Dragons",2016
35,"Yu Sato*",23,14,5,5,0,0,0,0,0,0,0,0,0,5,0,0,0,0,0,0,0,0,0,0,"Chunichi Dragons",2016
36,"Leyson Septimo*",30,3,2,2,0,0,0,0,0,0,0,0,0,0,0,0,0,0,0,0,0,0,0,0,"Chunichi Dragons",2016
37,"Daisuke Sobue*",28,46,1,1,0,0,0,0,0,0,0,0,0,1,0,0,0,0,0,0,0,0,0,0,"Chunichi Dragons",2016
38,"Shota Sugiyama",25,104,311,269,26,70,11,3,3,27,1,2,30,60,0.26,0.34,0.357,0.697,96,8,3,8,1,1,"Chunichi Dragons",2016
39,"Shuhei Takahashi*",22,75,283,255,28,64,14,2,4,29,0,1,22,84,0.251,0.319,0.369,0.688,94,7,4,1,1,0,"Chunichi Dragons",2016
40,"Shingo Takeyama",32,15,5,4,1,0,0,0,0,0,0,0,1,2,0,0.2,0,0.2,0,0,0,0,0,0,"Chunichi Dragons",2016
41,"Tetsuya Tani",30,52,91,82,2,17,2,0,0,6,1,0,8,16,0.207,0.278,0.232,0.509,19,4,0,1,0,0,"Chunichi Dragons",2016
42,"Shota Tomonaga*",25,12,10,9,2,2,0,0,0,0,0,0,0,4,0.222,0.222,0.222,0.444,2,0,0,1,0,0,"Chunichi Dragons",2016
43,"Raul Valdes*",38,20,39,33,2,4,1,0,1,3,0,0,2,14,0.121,0.171,0.242,0.414,8,0,0,4,0,0,"Chunichi Dragons",2016
44,"Dayan Viciedo",27,119,471,416,63,114,22,0,22,68,1,0,44,68,0.274,0.352,0.486,0.838,202,13,8,0,3,0,"Chunichi Dragons",2016
45,"Shunta Wakamatsu",21,19,35,27,0,2,0,0,0,1,0,0,1,12,0.074,0.103,0.074,0.178,2,1,0,6,1,0,"Chunichi Dragons",2016
46,"Tomoya Yagi*",32,1,2,2,0,1,0,0,0,0,0,0,0,0,0.5,0.5,0.5,1,1,0,0,0,0,0,"Chunichi Dragons",2016
47,"Daisuke Yamai",38,33,12,11,0,0,0,0,0,0,0,0,1,7,0,0.083,0,0.083,0,0,0,0,0,0,"Chunichi Dragons",2016
48,"Kazuki Yoshimi",31,21,41,34,1,4,1,0,0,1,0,0,2,18,0.118,0.167,0.147,0.314,5,2,0,5,0,0,"Chunichi Dragons",2016
1,"Takumi Akiyama*",25,8,3,2,0,2,0,0,0,0,0,0,0,0,1,1,1,2,2,0,0,1,0,0,"Hanshin Tigers",2016
2,"Yuya Ando",38,50,1,1,0,0,0,0,0,0,0,0,0,1,0,0,0,0,0,0,0,0,0,0,"Hanshin Tigers",2016
3,"Koyo Aoyagi",22,13,19,17,0,2,1,0,0,0,0,0,0,9,0.118,0.118,0.176,0.294,3,0,0,2,0,0,"Hanshin Tigers",2016
4,"Ryota Arai",32,46,88,78,10,12,3,0,3,8,1,0,7,21,0.154,0.23,0.308,0.538,24,1,1,1,1,0,"Hanshin Tigers",2016
5,"Fumiya Araki*",28,46,73,57,13,14,2,0,0,2,2,0,8,10,0.246,0.348,0.281,0.629,16,1,1,7,0,1,"Hanshin Tigers",2016
6,"Rafael Dolis",28,34,1,1,0,0,0,0,0,0,0,0,0,0,0,0,0,0,0,0,0,0,0,0,"Hanshin Tigers",2016
7,"Taiga Egoshi",23,72,217,191,33,40,6,1,7,20,4,3,18,78,0.209,0.284,0.361,0.645,69,2,3,2,3,0,"Hanshin Tigers",2016
8,"Daiki Enokida*",29,35,1,0,0,0,0,0,0,0,0,0,0,0,NA,NA,NA,NA,0,0,0,1,0,0,"Hanshin Tigers",2016
9,"Kyuji Fujikawa*",35,43,8,8,0,0,0,0,0,0,0,0,0,6,0,0,0,0,0,0,0,0,0,0,"Hanshin Tigers",2016
10,"Shunsuke Fujikawa",28,41,56,43,4,8,2,0,0,2,2,1,9,12,0.186,0.321,0.233,0.553,10,1,0,3,1,0,"Hanshin Tigers",2016
11,"Shintaro Fujinami",22,26,57,48,4,8,2,1,0,1,0,0,2,30,0.167,0.2,0.25,0.45,12,1,0,7,0,0,"Hanshin Tigers",2016
12,"Kosuke Fukudome*",39,131,523,453,52,141,25,3,11,59,0,1,61,78,0.311,0.392,0.453,0.845,205,6,3,0,6,5,"Hanshin Tigers",2016
13,"Mauro Gomez",31,139,554,498,58,127,20,0,22,79,2,1,48,130,0.255,0.325,0.428,0.753,213,13,5,0,3,3,"Hanshin Tigers",2016
14,"Matt Hague",30,31,124,104,13,24,6,0,2,11,1,0,16,21,0.231,0.339,0.346,0.685,36,3,2,0,2,0,"Hanshin Tigers",2016
15,"Fumihito Haraguchi",24,107,364,318,38,95,16,0,11,46,1,2,26,52,0.299,0.376,0.453,0.829,144,8,15,2,3,0,"Hanshin Tigers",2016
16,"Fumiya Hojo",21,122,438,385,44,105,25,1,5,33,6,0,38,91,0.273,0.341,0.382,0.723,147,10,4,7,4,4,"Hanshin Tigers",2016
17,"Ryota Imanari*",28,82,132,119,5,27,3,0,0,5,1,2,10,27,0.227,0.29,0.252,0.542,30,3,1,1,1,0,"Hanshin Tigers",2016
18,"Yutaro Itayama*",22,40,115,106,9,25,5,1,0,5,1,0,7,31,0.236,0.283,0.302,0.585,32,0,0,2,0,0,"Hanshin Tigers",2016
19,"Hayata Ito*",27,29,54,53,2,13,0,1,1,4,0,1,1,11,0.245,0.259,0.34,0.599,18,0,0,0,0,0,"Hanshin Tigers",2016
20,"Yuta Iwasada*",24,25,50,42,0,3,0,0,0,1,0,0,0,26,0.071,0.071,0.071,0.143,3,1,0,8,0,0,"Hanshin Tigers",2016
21,"Minoru Iwata*",32,6,7,6,0,0,0,0,0,0,0,0,1,4,0,0.143,0,0.143,0,0,0,0,0,0,"Hanshin Tigers",2016
22,"Suguru Iwazaki*",25,16,25,22,0,0,0,0,0,1,0,0,1,9,0,0.083,0,0.083,0,0,1,1,0,0,"Hanshin Tigers",2016
23,"Keisuke Kano",33,66,95,87,6,21,1,0,3,17,0,0,5,18,0.241,0.287,0.356,0.644,31,2,1,1,1,0,"Hanshin Tigers",2016
24,"Yamato Maeda",28,111,259,229,24,53,16,1,1,20,3,2,12,53,0.231,0.27,0.323,0.594,74,9,1,15,2,0,"Hanshin Tigers",2016
25,"Marcos Mateo",32,52,2,1,0,0,0,0,0,0,0,0,1,0,0,0.5,0,0.5,0,0,0,0,0,0,"Hanshin Tigers",2016
26,"Randy Messenger",34,28,67,65,4,9,1,0,0,3,1,0,0,28,0.138,0.138,0.154,0.292,10,0,0,2,0,0,"Hanshin Tigers",2016
27,"Yuto Morikoshi",27,2,1,1,0,0,0,0,0,0,0,0,0,1,0,0,0,0,0,0,0,0,0,0,"Hanshin Tigers",2016
28,"Koki Moriya",22,4,1,1,0,0,0,0,0,0,0,0,0,1,0,0,0,0,0,0,0,0,0,0,"Hanshin Tigers",2016
29,"Masahiro Nakatani",23,64,163,154,18,41,7,0,4,14,1,1,8,49,0.266,0.307,0.39,0.696,60,2,1,0,0,0,"Hanshin Tigers",2016
30,"Tsuyoshi Nishioka#",31,55,205,190,16,56,7,1,0,15,6,1,13,25,0.295,0.346,0.342,0.688,65,5,2,0,0,1,"Hanshin Tigers",2016
31,"Atsushi Nomi*",37,26,49,36,3,3,0,0,0,1,0,0,5,20,0.083,0.19,0.083,0.274,3,0,0,7,1,0,"Hanshin Tigers",2016
32,"Ryosuke Ogata*",25,21,25,24,2,4,1,0,0,0,0,0,0,6,0.167,0.167,0.208,0.375,5,1,0,1,0,0,"Hanshin Tigers",2016
33,"Taichi Okazaki",33,38,76,65,4,13,3,0,0,5,1,0,7,16,0.2,0.274,0.246,0.52,16,0,0,3,1,0,"Hanshin Tigers",2016
34,"Seishiro Sakamoto",22,28,55,45,4,9,2,1,1,2,0,0,4,14,0.2,0.265,0.356,0.621,16,3,0,6,0,1,"Hanshin Tigers",2016
35,"Kohei Shibata*",29,10,17,14,0,3,1,0,0,0,0,0,1,3,0.214,0.313,0.286,0.598,4,0,1,1,0,0,"Hanshin Tigers",2016
36,"Takashi Shimizu",32,2,4,4,0,0,0,0,0,0,0,0,0,3,0,0,0,0,0,0,0,0,0,0,"Hanshin Tigers",2016
37,"Shun Takayama*",23,134,530,494,48,136,23,5,8,65,5,4,27,109,0.275,0.316,0.391,0.707,193,8,4,2,3,1,"Hanshin Tigers",2016
38,"Takashi Toritani*",35,143,533,449,49,106,16,1,7,36,13,3,75,80,0.236,0.344,0.323,0.667,145,12,2,1,6,0,"Hanshin Tigers",2016
39,"Kazunari Tsuruoka",39,10,5,5,0,0,0,0,0,0,0,0,0,1,0,0,0,0,0,0,0,0,0,0,"Hanshin Tigers",2016
40,"Kai Ueda",20,1,0,0,0,0,0,0,0,0,0,1,0,0,NA,NA,NA,NA,0,0,0,0,0,0,"Hanshin Tigers",2016
41,"Hiroki Uemoto",29,45,113,101,18,26,7,0,2,8,3,0,12,14,0.257,0.336,0.386,0.722,39,0,0,0,0,0,"Hanshin Tigers",2016
42,"Ryutaro Umeno",25,37,98,89,3,12,0,0,0,4,1,0,6,22,0.135,0.189,0.135,0.324,12,4,0,3,0,1,"Hanshin Tigers",2016
43,"Naomasa Yokawa",24,29,77,72,6,12,0,0,2,4,0,0,4,22,0.167,0.221,0.25,0.471,18,0,1,0,0,0,"Hanshin Tigers",2016
44,"Shintaro Yokota*",21,38,109,105,14,20,2,0,0,4,4,2,2,13,0.19,0.22,0.21,0.43,22,3,2,0,0,0,"Hanshin Tigers",2016
45,"Yuya Yokoyama*",22,3,7,6,2,1,1,0,0,0,0,0,0,4,0.167,0.167,0.333,0.5,2,0,0,1,0,0,"Hanshin Tigers",2016
1,"Tomohiro Abe*",27,115,291,259,23,73,12,4,6,33,7,0,19,64,0.282,0.327,0.429,0.756,111,3,1,7,5,2,"Hiroshima Carp",2016
2,"Tsubasa Aizawa",28,83,220,197,18,47,7,0,7,26,1,1,14,42,0.239,0.301,0.381,0.682,75,7,4,4,1,0,"Hiroshima Carp",2016
3,"Masato Akamatsu",33,89,21,19,15,7,1,1,0,3,12,2,2,4,0.368,0.429,0.526,0.955,10,0,0,0,0,0,"Hiroshima Carp",2016
4,"Soichiro Amaya*",32,55,96,80,12,14,2,0,1,8,3,0,13,16,0.175,0.302,0.238,0.54,19,1,2,0,1,0,"Hiroshima Carp",2016
5,"Takahiro Arai",39,132,513,454,66,136,23,2,19,101,0,1,54,101,0.3,0.372,0.485,0.857,220,12,1,0,4,1,"Hiroshima Carp",2016
6,"Shota Dobayashi",24,47,60,56,6,14,0,0,2,2,3,1,3,11,0.25,0.288,0.357,0.645,20,0,0,1,0,0,"Hiroshima Carp",2016
7,"Brad Eldred",35,95,354,316,42,93,14,0,21,53,1,0,31,86,0.294,0.362,0.538,0.9,170,8,4,0,3,0,"Hiroshima Carp",2016
8,"Yuya Fukui",28,13,27,26,1,2,1,0,0,0,0,0,0,16,0.077,0.077,0.115,0.192,3,0,0,1,0,0,"Hiroshima Carp",2016
9,"Ryota Funakoshi",22,1,1,1,1,1,0,0,0,0,0,0,0,0,1,1,1,2,1,0,0,0,0,0,"Hiroshima Carp",2016
10,"Shohei Habu*",26,5,9,8,0,1,0,0,0,0,0,0,1,1,0.125,0.222,0.125,0.347,1,0,0,0,0,0,"Hiroshima Carp",2016
11,"Bradin Hagens",27,50,14,14,1,2,0,0,0,0,0,0,0,2,0.143,0.143,0.143,0.286,2,0,0,0,0,0,"Hiroshima Carp",2016
12,"Jun Hirose",37,1,1,1,0,0,0,0,0,0,0,0,0,0,0,0,0,0,0,0,0,0,0,0,"Hiroshima Carp",2016
13,"Atsuya Horie*",19,3,2,2,0,0,0,0,0,0,0,0,0,1,0,0,0,0,0,0,0,0,0,0,"Hiroshima Carp",2016
14,"Yoshiyuki Ishihara",36,106,289,243,19,49,7,0,0,17,4,1,29,54,0.202,0.296,0.23,0.526,56,8,4,12,1,5,"Hiroshima Carp",2016
15,"Yoshitaka Isomura",23,24,32,31,2,5,1,0,0,2,0,0,1,5,0.161,0.188,0.194,0.381,6,1,0,0,0,1,"Hiroshima Carp",2016
16,"Takahiro Iwamoto*",30,27,22,21,2,7,2,1,0,5,0,0,1,8,0.333,0.364,0.524,0.887,11,0,0,0,0,0,"Hiroshima Carp",2016
17,"Kris Johnson*",31,26,66,55,1,6,1,0,0,0,0,0,1,20,0.109,0.125,0.127,0.252,7,0,0,10,0,0,"Hiroshima Carp",2016
18,"Ryosuke Kikuchi",26,141,640,574,92,181,22,3,13,56,13,5,40,106,0.315,0.358,0.432,0.79,248,3,0,23,3,0,"Hiroshima Carp",2016
19,"Tetsuya Kokubo",31,69,107,92,8,20,9,1,2,10,0,0,11,23,0.217,0.321,0.402,0.723,37,2,3,1,0,0,"Hiroshima Carp",2016
20,"Aren Kuri",24,27,21,18,0,1,0,0,0,0,0,0,0,11,0.056,0.056,0.056,0.111,1,0,0,3,0,0,"Hiroshima Carp",2016
21,"Hiroki Kuroda",41,24,52,45,2,4,1,0,0,5,0,0,2,21,0.089,0.128,0.111,0.239,5,0,0,5,0,0,"Hiroshima Carp",2016
22,"Hector Luna",36,67,268,243,35,66,8,1,5,34,6,0,22,47,0.272,0.332,0.374,0.707,91,5,1,0,2,0,"Hiroshima Carp",2016
23,"Yoshihiro Maru*",27,143,652,557,98,162,30,8,20,90,23,9,84,107,0.291,0.389,0.481,0.87,268,9,7,1,3,1,"Hiroshima Carp",2016
24,"Ryuhei Matsuyama*",30,103,275,254,34,74,10,2,10,41,0,0,20,29,0.291,0.342,0.465,0.806,118,4,0,0,1,1,"Hiroshima Carp",2016
25,"Kyohei Nakamura*",27,8,10,10,0,1,0,0,0,0,0,0,0,6,0.1,0.1,0.1,0.2,1,0,0,0,0,0,"Hiroshima Carp",2016
26,"Oscar Nakaoshi*",25,23,1,1,0,0,0,0,0,0,0,0,0,1,0,0,0,0,0,0,0,0,0,0,"Hiroshima Carp",2016
27,"Ryoma Nishikawa*",21,62,58,51,8,15,3,1,0,3,0,1,4,9,0.294,0.339,0.392,0.731,20,0,0,2,1,0,"Hiroshima Carp",2016
28,"Takayoshi Noma*",23,21,25,24,4,7,0,0,0,1,1,1,0,3,0.292,0.292,0.292,0.583,7,1,0,1,0,0,"Hiroshima Carp",2016
29,"Yusuke Nomura",27,25,54,43,1,7,0,0,0,3,0,0,2,15,0.163,0.2,0.163,0.363,7,1,0,9,0,0,"Hiroshima Carp",2016
30,"Akitake Okada*",22,18,29,27,2,2,0,0,0,0,0,0,0,13,0.074,0.074,0.074,0.148,2,0,0,2,0,0,"Hiroshima Carp",2016
31,"Ko Shimozuru",28,48,116,104,11,26,6,0,5,18,0,0,12,26,0.25,0.328,0.452,0.78,47,7,0,0,0,0,"Hiroshima Carp",2016
32,"Hayato Shoji*",25,3,2,2,1,0,0,0,0,0,0,0,0,1,0,0,0,0,0,0,0,0,0,0,"Hiroshima Carp",2016
33,"Eishin Soyogi",35,7,12,9,1,0,0,0,0,0,0,0,3,0,0,0.25,0,0.25,0,2,0,0,0,0,"Hiroshima Carp",2016
34,"Seiya Suzuki",21,129,528,466,76,156,26,8,29,95,16,11,53,79,0.335,0.404,0.612,1.015,285,10,3,3,3,1,"Hiroshima Carp",2016
35,"Kosuke Tanaka*",26,143,679,581,102,154,17,3,13,39,28,19,77,119,0.265,0.367,0.372,0.739,216,1,17,3,1,1,"Hiroshima Carp",2016
36,"Takaya Toda*",23,17,15,15,0,4,0,0,0,2,0,0,0,7,0.267,0.267,0.267,0.533,4,0,0,0,0,0,"Hiroshima Carp",2016
37,"Kazuki Yabuta",23,16,7,6,0,1,0,0,0,0,0,0,0,3,0.167,0.167,0.167,0.333,1,0,0,1,0,0,"Hiroshima Carp",2016
38,"Hiroki Yokoyama*",24,6,12,9,0,0,0,0,0,2,0,0,1,6,0,0.1,0,0.1,0,0,0,2,0,0,"Hiroshima Carp",2016
1,"Ryo Akiyoshi",27,70,1,1,0,0,0,0,0,0,0,0,0,1,0,0,0,0,0,0,0,0,0,0,"Yakult Swallows",2016
2,"Nagisa Arakaki",36,6,7,7,0,0,0,0,0,0,0,0,0,6,0,0,0,0,0,0,0,0,0,0,"Yakult Swallows",2016
3,"Takahiro Araki",28,61,131,111,14,27,5,1,1,9,2,1,9,20,0.243,0.311,0.333,0.645,37,5,2,9,0,0,"Yakult Swallows",2016
4,"Wladimir Balentien",31,132,537,457,64,123,20,0,31,96,0,1,72,116,0.269,0.369,0.516,0.885,236,19,3,0,5,2,"Yakult Swallows",2016
5,"Kyle Davies",32,15,24,20,0,2,0,0,0,0,0,0,1,12,0.1,0.143,0.1,0.243,2,0,0,3,0,0,"Yakult Swallows",2016
6,"Ryota Fujii*",27,12,20,20,2,4,1,0,0,0,0,0,0,8,0.2,0.2,0.25,0.45,5,0,0,0,0,0,"Yakult Swallows",2016
7,"Masato Furuno",29,6,1,0,0,0,0,0,0,0,0,0,1,0,NA,1,NA,NA,0,0,0,0,0,0,"Yakult Swallows",2016
8,"Jae-Hoon Ha",25,17,42,40,3,9,2,0,0,2,0,1,2,12,0.225,0.262,0.275,0.537,11,0,0,0,0,0,"Yakult Swallows",2016
9,"Juri Hara",22,13,20,19,1,2,1,0,0,2,0,0,0,4,0.105,0.105,0.158,0.263,3,0,0,1,0,0,"Yakult Swallows",2016
10,"Kazuhiro Hatakeyama",33,45,190,163,15,40,10,0,1,18,0,1,26,24,0.245,0.353,0.325,0.678,53,6,1,0,0,0,"Yakult Swallows",2016
11,"Taishi Hirooka",19,2,7,7,2,3,0,0,1,3,0,0,0,2,0.429,0.429,0.857,1.286,6,0,0,0,0,0,"Yakult Swallows",2016
12,"Wataru Hiyane",29,76,142,126,17,29,4,2,0,5,8,1,8,15,0.23,0.276,0.294,0.57,37,0,0,8,0,0,"Yakult Swallows",2016
13,"Yasushi Iihara",33,63,77,67,11,15,3,0,3,9,0,0,8,19,0.224,0.316,0.403,0.719,27,2,1,1,0,0,"Yakult Swallows",2016
14,"Takahiro Imanami*",31,94,240,201,22,56,9,3,1,28,0,1,30,25,0.279,0.371,0.368,0.739,74,3,2,3,4,0,"Yakult Swallows",2016
15,"Suguru Ino",32,2,1,1,0,0,0,0,0,0,0,0,0,0,0,0,0,0,0,1,0,0,0,0,"Yakult Swallows",2016
16,"Masanori Ishikawa*",36,20,39,34,0,1,0,0,0,0,0,0,1,12,0.029,0.057,0.029,0.087,1,1,0,4,0,0,"Yakult Swallows",2016
17,"Shingo Kawabata*",28,103,458,420,48,127,22,1,1,32,3,0,34,31,0.302,0.354,0.367,0.721,154,13,1,1,2,0,"Yakult Swallows",2016
18,"Ren Kazahari",23,6,1,1,0,0,0,0,0,0,0,0,0,0,0,0,0,0,0,0,0,0,0,0,"Yakult Swallows",2016
19,"Jun Matsui*",28,2,5,3,0,1,0,0,0,0,0,0,1,0,0.333,0.6,0.333,0.933,1,0,1,0,0,0,"Yakult Swallows",2016
20,"Kenichi Matsuoka",34,53,2,1,0,0,0,0,0,0,0,0,1,1,0,0.5,0,0.5,0,0,0,0,0,0,"Yakult Swallows",2016
21,"Masayoshi Miwa*",32,51,41,33,9,8,0,1,0,2,1,0,3,10,0.242,0.306,0.303,0.609,10,1,0,5,0,0,"Yakult Swallows",2016
22,"Ryosuke Morioka*",31,26,33,31,1,2,1,0,0,3,0,0,1,8,0.065,0.091,0.097,0.188,3,2,0,0,1,0,"Yakult Swallows",2016
23,"Kyohei Muranaka*",28,52,5,5,0,0,0,0,0,0,0,0,0,3,0,0,0,0,0,0,0,0,0,0,"Yakult Swallows",2016
24,"Yuhei Nakamura",26,106,378,321,24,60,14,0,3,37,2,0,31,47,0.187,0.266,0.259,0.525,83,9,6,14,6,4,"Yakult Swallows",2016
25,"Yoshihisa Naruse*",30,22,18,17,2,1,0,0,0,1,0,0,1,12,0.059,0.111,0.059,0.17,1,0,0,0,0,0,"Yakult Swallows",2016
26,"Akihisa Nishida",24,74,245,222,29,54,16,1,7,25,0,0,18,39,0.243,0.303,0.419,0.722,93,5,1,4,0,2,"Yakult Swallows",2016
27,"Naomichi Nishiura",25,72,273,247,21,63,12,0,7,28,9,3,23,54,0.255,0.317,0.389,0.706,96,3,0,2,1,0,"Yakult Swallows",2016
28,"Keiji Obiki",32,100,391,348,48,87,16,1,5,27,7,5,40,82,0.25,0.326,0.345,0.671,120,5,0,2,1,0,"Yakult Swallows",2016
29,"Yasuhiro Ogawa",26,25,54,50,4,4,1,0,1,3,0,0,0,26,0.08,0.08,0.16,0.24,8,0,0,4,0,0,"Yakult Swallows",2016
30,"Nobuyuki Okumura*",21,4,8,6,0,0,0,0,0,0,0,0,2,2,0,0.25,0,0.25,0,1,0,0,0,0,"Yakult Swallows",2016
31,"Luis Perez*",31,19,2,1,0,0,0,0,0,0,0,0,1,1,0,0.5,0,0.5,0,0,0,0,0,0,"Yakult Swallows",2016
32,"Tomotaka Sakaguchi*",31,141,607,526,74,155,14,5,0,39,7,4,63,66,0.295,0.375,0.34,0.716,179,5,8,5,5,0,"Yakult Swallows",2016
33,"Yoshinori Sato*",26,5,9,8,0,1,0,0,0,0,0,0,0,3,0.125,0.125,0.125,0.25,1,1,0,1,0,0,"Yakult Swallows",2016
34,"Toshihiro Sugiura",24,17,16,11,1,1,0,0,0,0,0,0,0,7,0.091,0.091,0.091,0.182,1,1,0,5,0,0,"Yakult Swallows",2016
35,"Yuhei Takai*",32,108,436,412,44,122,20,0,7,55,7,1,21,51,0.296,0.329,0.396,0.724,163,9,0,1,2,2,"Yakult Swallows",2016
36,"Shinichi Takeuchi*",32,25,24,20,3,5,0,0,0,2,0,0,4,5,0.25,0.375,0.25,0.625,5,1,0,0,0,0,"Yakult Swallows",2016
37,"Hiroyasu Tanaka",34,31,37,32,2,6,2,0,0,1,0,0,4,3,0.188,0.297,0.25,0.547,8,0,1,0,0,0,"Yakult Swallows",2016
38,"Shohei Tateyama",35,10,14,11,0,0,0,0,0,0,0,0,0,6,0,0,0,0,0,0,0,3,0,0,"Yakult Swallows",2016
39,"Tsuyoshi Ueda*",27,72,92,82,12,18,2,1,1,10,5,3,4,13,0.22,0.275,0.305,0.58,25,1,3,1,2,0,"Yakult Swallows",2016
40,"Atsushi Ugumori",29,46,146,136,7,35,4,1,4,19,0,0,9,22,0.257,0.303,0.39,0.693,53,4,0,1,0,0,"Yakult Swallows",2016
41,"Ryota Yachi",25,23,80,70,10,21,5,0,1,6,0,0,7,14,0.3,0.372,0.414,0.786,29,2,1,2,0,0,"Yakult Swallows",2016
42,"Tetsuto Yamada",23,133,590,481,102,146,26,3,38,102,30,2,97,101,0.304,0.425,0.607,1.032,292,16,8,0,4,0,"Yakult Swallows",2016
43,"Hirofumi Yamanaka",30,22,46,41,1,3,0,0,0,1,0,0,0,16,0.073,0.073,0.073,0.146,3,1,0,5,0,0,"Yakult Swallows",2016
44,"Kotaro Yamasaki*",22,7,19,18,1,3,0,0,0,0,1,0,1,8,0.167,0.211,0.167,0.377,3,0,0,0,0,0,"Yakult Swallows",2016
1,"Sho Aranami*",30,36,96,87,8,17,2,1,0,7,0,1,7,17,0.195,0.263,0.241,0.505,21,1,1,1,0,0,"Yokohama Bay Stars",2016
2,"Taketoshi Goto",36,27,30,23,2,6,1,0,1,6,0,0,7,9,0.261,0.433,0.435,0.868,10,1,0,0,0,0,"Yokohama Bay Stars",2016
3,"Elian Herrera#",31,79,274,257,30,56,12,2,5,33,2,1,13,57,0.218,0.258,0.339,0.597,87,3,1,3,0,0,"Yokohama Bay Stars",2016
4,"Shotaro Ide",32,11,29,27,4,7,0,0,1,4,0,0,1,5,0.259,0.276,0.37,0.646,10,0,0,0,1,0,"Yokohama Bay Stars",2016
5,"Shota Imanaga*",22,22,43,36,0,5,0,0,0,1,0,0,2,13,0.139,0.184,0.139,0.323,5,0,0,5,0,0,"Yokohama Bay Stars",2016
6,"Shoichi Ino",30,23,48,40,1,6,1,0,0,0,0,0,1,14,0.15,0.171,0.175,0.346,7,1,0,7,0,0,"Yokohama Bay Stars",2016
7,"Kenta Ishida*",23,25,50,44,3,8,0,0,0,3,0,0,0,24,0.182,0.182,0.182,0.364,8,0,0,6,0,0,"Yokohama Bay Stars",2016
8,"Takehiro Ishikawa*",29,95,329,297,35,62,8,2,2,14,6,4,18,67,0.209,0.258,0.269,0.527,80,3,2,11,1,0,"Yokohama Bay Stars",2016
9,"Takayuki Kajitani*",27,107,450,396,69,108,20,4,18,56,26,7,49,110,0.273,0.359,0.48,0.838,190,2,4,1,0,0,"Yokohama Bay Stars",2016
10,"Yota Kosugi",30,20,1,1,0,0,0,0,0,0,0,0,0,0,0,0,0,0,0,0,0,0,0,0,"Yokohama Bay Stars",2016
11,"Yasutomo Kubo",35,15,30,27,0,2,0,0,0,1,0,0,0,16,0.074,0.074,0.074,0.148,2,0,0,3,0,0,"Yokohama Bay Stars",2016
12,"Yuya Kubo",36,9,1,1,0,0,0,0,0,0,0,0,0,1,0,0,0,0,0,0,0,0,0,0,"Yokohama Bay Stars",2016
13,"Kento Kumabara*",22,18,5,5,0,0,0,0,0,0,0,0,0,3,0,0,0,0,0,0,0,0,0,0,"Yokohama Bay Stars",2016
14,"Yuki Kuniyoshi",24,1,1,1,0,0,0,0,0,0,0,0,0,1,0,0,0,0,0,0,0,0,0,0,"Yokohama Bay Stars",2016
15,"Toshihiko Kuramoto*",25,141,566,534,38,157,19,2,1,38,2,3,22,98,0.294,0.323,0.343,0.665,183,13,2,5,3,0,"Yokohama Bay Stars",2016
16,"Masayuki Kuwahara",22,133,522,462,80,131,23,2,11,49,19,11,38,93,0.284,0.356,0.413,0.769,191,5,14,8,0,0,"Yokohama Bay Stars",2016
17,"Jose Lopez",32,123,518,483,66,127,27,1,34,95,0,0,24,75,0.263,0.299,0.534,0.833,258,12,4,0,7,0,"Yokohama Bay Stars",2016
18,"Hyuma Matsui",25,17,38,35,3,5,0,0,1,1,0,0,1,8,0.143,0.211,0.229,0.439,8,0,2,0,0,0,"Yokohama Bay Stars",2016
19,"Keijiro Matsumoto*",30,11,14,13,1,2,0,0,0,0,0,0,0,0,0.154,0.214,0.154,0.368,2,0,1,0,0,0,"Yokohama Bay Stars",2016
20,"Tomoya Mikami",27,59,1,1,0,0,0,0,0,0,0,0,0,1,0,0,0,0,0,0,0,0,0,0,"Yokohama Bay Stars",2016
21,"Hiroki Minei#",25,11,17,15,2,5,1,0,0,3,0,0,0,2,0.333,0.412,0.4,0.812,6,1,2,0,0,0,"Yokohama Bay Stars",2016
22,"Kazuki Mishima#",26,4,8,7,0,0,0,0,0,0,0,0,0,5,0,0,0,0,0,0,0,1,0,0,"Yokohama Bay Stars",2016
23,"Daisuke Miura",42,3,6,6,1,2,0,0,0,0,0,0,0,2,0.333,0.333,0.333,0.667,2,0,0,0,0,0,"Yokohama Bay Stars",2016
24,"Toshiro Miyazaki",27,101,335,302,31,88,16,0,11,36,0,0,25,30,0.291,0.361,0.454,0.815,137,12,8,0,0,0,"Yokohama Bay Stars",2016
25,"Guillermo Moscoso",32,13,23,14,2,1,0,0,0,0,0,0,2,7,0.071,0.188,0.071,0.259,1,0,0,7,0,0,"Yokohama Bay Stars",2016
26,"Masashi Nishimori#",28,6,3,3,0,0,0,0,0,0,1,0,0,0,0,0,0,0,0,1,0,0,0,0,"Yokohama Bay Stars",2016
27,"Tomo Otosaka*",22,55,124,115,12,31,9,0,1,8,3,0,7,28,0.27,0.317,0.374,0.691,43,2,1,1,0,0,"Yokohama Bay Stars",2016
28,"Zach Petrick",26,15,15,13,0,2,0,0,0,2,0,0,1,7,0.154,0.214,0.154,0.368,2,0,0,1,0,0,"Yokohama Bay Stars",2016
29,"Jamie Romak",30,30,85,71,7,8,1,0,0,2,0,0,12,30,0.113,0.247,0.127,0.374,9,2,1,0,1,0,"Yokohama Bay Stars",2016
30,"Taiki Sekine*",21,70,106,98,15,20,1,1,0,7,4,4,2,18,0.204,0.235,0.235,0.47,23,0,2,4,0,0,"Yokohama Bay Stars",2016
31,"Tatsuhiro Shibata*",22,19,46,39,4,8,0,1,0,2,1,0,5,8,0.205,0.295,0.256,0.552,10,1,0,2,0,0,"Yokohama Bay Stars",2016
32,"Tatsuya Shimozono*",31,67,85,74,5,20,2,0,1,14,0,0,9,13,0.27,0.353,0.338,0.691,25,1,1,0,1,0,"Yokohama Bay Stars",2016
33,"Naoki Shirane",23,3,4,4,0,0,0,0,0,0,0,0,0,1,0,0,0,0,0,1,0,0,0,0,"Yokohama Bay Stars",2016
34,"Hiroyuki Shirasaki",25,92,214,203,20,42,11,0,6,12,0,1,6,32,0.207,0.241,0.35,0.59,71,8,3,2,0,0,"Yokohama Bay Stars",2016
35,"Yoshiki Sunada*",20,17,16,14,0,2,0,0,0,1,0,0,0,8,0.143,0.143,0.143,0.286,2,0,0,2,0,0,"Yokohama Bay Stars",2016
36,"Shuto Takajo",23,47,103,92,4,15,2,0,0,9,0,0,8,31,0.163,0.238,0.185,0.422,17,3,1,2,0,2,"Yokohama Bay Stars",2016
37,"Yasutaka Tobashira*",26,124,393,367,25,83,8,0,2,23,0,0,20,63,0.226,0.267,0.264,0.532,97,10,1,4,1,4,"Yokohama Bay Stars",2016
38,"Yoshitomo Tsutsugo*",24,133,561,469,89,151,28,4,44,110,0,1,87,105,0.322,0.43,0.68,1.11,319,6,3,0,2,1,"Yokohama Bay Stars",2016
39,"Shun Yamaguchi",28,19,50,43,2,5,0,0,1,4,0,0,3,23,0.116,0.174,0.186,0.36,8,2,0,4,0,0,"Yokohama Bay Stars",2016
40,"Koki Yamashita*",23,62,100,98,11,22,2,1,0,7,3,1,1,18,0.224,0.23,0.265,0.495,26,1,0,0,1,0,"Yokohama Bay Stars",2016
41,"Shigeo Yanagida",34,23,24,21,2,1,0,0,0,0,0,0,2,6,0.048,0.13,0.048,0.178,1,0,0,1,0,0,"Yokohama Bay Stars",2016
1,"Shinnosuke Abe*",37,91,387,335,43,104,13,0,12,52,0,1,44,55,0.31,0.394,0.457,0.85,153,8,4,1,3,1,"Yomiuri Giants",2016
2,"Ryoji Aikawa",39,37,48,41,2,10,2,0,0,4,0,0,6,10,0.244,0.333,0.293,0.626,12,0,0,0,1,1,"Yomiuri Giants",2016
3,"Leslie Anderson*",34,3,12,12,0,3,0,0,0,1,0,0,0,4,0.25,0.25,0.25,0.5,3,0,0,0,0,0,"Yomiuri Giants",2016
4,"Hisayoshi Chono",31,143,618,576,58,163,28,4,11,42,8,2,33,78,0.283,0.326,0.403,0.729,232,7,5,1,3,0,"Yomiuri Giants",2016
5,"Luis Cruz",32,81,314,298,26,75,14,0,11,37,0,2,11,40,0.252,0.28,0.409,0.69,122,7,2,0,3,0,"Yomiuri Giants",2016
6,"Takehiro Donoue*",31,43,53,48,4,8,2,0,2,6,0,0,4,11,0.167,0.245,0.333,0.579,16,2,1,0,0,0,"Yomiuri Giants",2016
7,"Yuki Egarashi",29,2,3,3,0,0,0,0,0,0,0,0,0,1,0,0,0,0,0,0,0,0,0,0,"Yomiuri Giants",2016
8,"Daisuke Fujimura*",26,5,6,4,1,0,0,0,0,0,0,0,1,0,0,0.2,0,0.2,0,0,0,1,0,0,"Yomiuri Giants",2016
9,"Jose Garcia",24,4,7,7,0,0,0,0,0,0,0,0,0,3,0,0,0,0,0,0,0,0,0,0,"Yomiuri Giants",2016
10,"Jun Hasegawa",25,3,1,0,0,0,0,0,0,0,0,0,0,0,NA,NA,NA,NA,0,0,0,1,0,0,"Yomiuri Giants",2016
11,"Itaru Hashimoto*",26,74,259,219,27,51,15,1,2,20,7,3,20,45,0.233,0.297,0.338,0.635,74,4,0,20,0,0,"Yomiuri Giants",2016
12,"Nobutaka Imamura*",22,16,24,22,0,2,0,0,0,0,0,0,0,9,0.091,0.091,0.091,0.182,2,0,0,2,0,0,"Yomiuri Giants",2016
13,"Garrett Jones*",35,123,465,422,48,109,22,1,24,68,0,1,39,106,0.258,0.327,0.486,0.813,205,10,4,0,0,0,"Yomiuri Giants",2016
14,"Yoshiyuki Kamei*",33,66,240,226,21,57,14,0,3,23,0,2,11,35,0.252,0.287,0.354,0.641,80,7,0,3,0,0,"Yomiuri Giants",2016
15,"Yasuyuki Kataoka",33,32,93,81,10,18,3,0,2,4,4,0,6,8,0.222,0.276,0.333,0.609,27,2,0,6,0,1,"Yomiuri Giants",2016
16,"Atsushi Kita*",27,3,7,5,0,1,0,0,0,0,0,0,1,3,0.2,0.429,0.2,0.629,1,1,1,0,0,0,"Yomiuri Giants",2016
17,"Seiji Kobayashi",27,129,458,398,27,81,12,1,4,35,2,1,36,76,0.204,0.276,0.269,0.544,107,10,4,19,1,5,"Yomiuri Giants",2016
18,"Yuki Koyama",27,9,2,2,0,1,0,0,0,1,0,0,0,1,0.5,0.5,0.5,1,1,0,0,0,0,0,"Yomiuri Giants",2016
19,"Scott Mathieson",32,70,2,2,0,0,0,0,0,0,0,0,0,2,0,0,0,0,0,0,0,0,0,0,"Yomiuri Giants",2016
20,"Tetsuya Matsumoto*",31,52,77,69,6,12,1,1,0,1,2,0,2,22,0.174,0.208,0.217,0.426,15,1,1,5,0,0,"Yomiuri Giants",2016
21,"Miles Mikolas",27,14,36,32,2,2,1,0,1,1,0,0,1,17,0.063,0.091,0.188,0.278,6,1,0,3,0,0,"Yomiuri Giants",2016
22,"Ryosuke Miyaguni",24,34,1,1,0,0,0,0,0,0,0,0,0,0,0,0,0,0,0,0,0,0,0,0,"Yomiuri Giants",2016
23,"Shuichi Murata",35,143,576,529,58,160,32,0,25,81,1,3,38,83,0.302,0.354,0.505,0.858,267,21,5,2,2,0,"Yomiuri Giants",2016
24,"Daisuke Nakai",26,43,61,51,3,10,2,1,0,4,0,0,7,13,0.196,0.3,0.275,0.575,14,0,1,1,1,0,"Yomiuri Giants",2016
25,"Kazuma Okamoto",20,3,10,10,0,1,1,0,0,0,0,0,0,2,0.1,0.1,0.2,0.3,2,2,0,0,0,0,"Yomiuri Giants",2016
26,"Taishi Ota",26,62,119,114,12,23,6,1,4,13,0,0,4,45,0.202,0.227,0.377,0.604,43,3,0,0,1,0,"Yomiuri Giants",2016
27,"Kan Otake",33,17,31,24,0,1,0,0,0,0,0,0,1,11,0.042,0.08,0.042,0.122,1,0,0,6,0,0,"Yomiuri Giants",2016
28,"Aaron Poreda*",29,5,9,9,0,0,0,0,0,0,0,0,0,8,0,0,0,0,0,0,0,0,0,0,"Yomiuri Giants",2016
29,"Hayato Sakamoto",27,137,576,488,96,168,28,3,23,75,13,3,81,67,0.344,0.433,0.555,0.988,271,6,0,1,6,2,"Yomiuri Giants",2016
30,"Toshiki Sakurai",22,1,2,1,0,0,0,0,0,1,0,0,0,1,0,0,0,0,0,0,0,0,1,0,"Yomiuri Giants",2016
31,"Kazunari Sanematsu",35,19,33,28,3,7,1,0,1,1,0,0,4,7,0.25,0.344,0.393,0.737,11,0,0,1,0,1,"Yomiuri Giants",2016
32,"Shinnosuke Shigenobu*",23,25,87,79,10,15,1,3,0,2,5,1,7,20,0.19,0.256,0.278,0.534,22,0,0,1,0,0,"Yomiuri Giants",2016
33,"Tomoyuki Sugano",26,26,61,54,3,12,1,0,0,3,0,0,1,18,0.222,0.232,0.241,0.473,13,0,0,5,1,0,"Yomiuri Giants",2016
34,"Takahiro Suzuki#",38,44,10,10,15,3,0,0,0,1,10,0,0,3,0.3,0.3,0.3,0.6,3,0,0,0,0,0,"Yomiuri Giants",2016
35,"Kazuto Taguchi*",20,26,56,48,2,5,0,0,0,1,0,0,1,16,0.104,0.122,0.104,0.227,5,1,0,7,0,0,"Yomiuri Giants",2016
36,"Seiji Tahara*",26,64,1,1,0,0,0,0,0,0,0,0,0,1,0,0,0,0,0,0,0,0,0,0,"Yomiuri Giants",2016
37,"Kentaro Taira",20,1,1,1,0,0,0,0,0,0,0,0,0,0,0,0,0,0,0,0,0,0,0,0,"Yomiuri Giants",2016
38,"Hayato Takagi",26,25,36,29,1,1,1,0,0,0,0,0,2,16,0.034,0.097,0.069,0.166,2,0,0,5,0,0,"Yomiuri Giants",2016
39,"Soichiro Tateoka",26,51,209,188,15,43,6,1,2,9,9,3,10,31,0.229,0.286,0.303,0.589,57,1,5,6,0,0,"Yomiuri Giants",2016
40,"Takayuki Terauchi",33,55,33,31,2,4,1,0,0,1,0,0,0,11,0.129,0.129,0.161,0.29,5,0,0,2,0,0,"Yomiuri Giants",2016
41,"Harutomo Tsuji*",21,15,40,34,1,6,2,0,0,0,0,1,4,12,0.176,0.3,0.235,0.535,8,0,2,0,0,0,"Yomiuri Giants",2016
42,"Tetsuya Utsumi*",34,18,35,28,0,1,0,0,0,0,0,0,3,18,0.036,0.129,0.036,0.165,1,0,0,4,0,0,"Yomiuri Giants",2016
43,"Ryota Wakiya*",34,54,115,108,8,17,3,1,1,7,0,0,6,18,0.157,0.202,0.231,0.433,25,4,0,1,0,0,"Yomiuri Giants",2016
44,"Yasuhiro Yamamoto",22,27,86,78,8,20,5,1,0,2,0,1,2,20,0.256,0.275,0.346,0.621,27,2,0,6,0,0,"Yomiuri Giants",2016
45,"Daiki Yoshikawa#",23,50,56,51,7,9,0,0,0,1,1,2,3,14,0.176,0.222,0.176,0.399,9,0,0,2,0,0,"Yomiuri Giants",2016
1,"Kuan-Yu Chen*",25,7,2,2,0,0,0,0,0,0,0,0,0,2,0,0,0,0,0,0,0,0,0,0,"Chiba Lotte Marines",2016
2,"Alfredo Despaigne",30,134,570,496,81,139,27,0,24,92,0,3,64,89,0.28,0.361,0.48,0.841,238,25,3,0,7,3,"Chiba Lotte Marines",2016
3,"Naoya Emura",24,22,24,23,1,3,1,0,0,4,0,0,1,10,0.13,0.167,0.174,0.341,4,1,0,0,0,0,"Chiba Lotte Marines",2016
4,"Kazuya Fukuura*",40,36,90,82,4,20,2,0,0,7,0,0,5,12,0.244,0.311,0.268,0.579,22,2,3,0,0,0,"Chiba Lotte Marines",2016
5,"Kota Futaki",20,22,3,3,0,0,0,0,0,0,0,0,0,1,0,0,0,0,0,0,0,0,0,0,"Chiba Lotte Marines",2016
6,"Ryuzo Hijii*",20,8,10,9,0,0,0,0,0,0,0,0,0,2,0,0.1,0,0.1,0,0,1,0,0,0,"Chiba Lotte Marines",2016
7,"Taiga Hirasawa*",18,23,53,47,3,7,2,1,0,3,0,0,4,18,0.149,0.216,0.234,0.45,11,1,0,2,0,0,"Chiba Lotte Marines",2016
8,"Kei Hosoya",28,116,404,371,45,102,23,4,3,40,9,4,18,93,0.275,0.313,0.383,0.696,142,6,3,11,1,0,"Chiba Lotte Marines",2016
9,"Tadahito Iguchi",41,79,176,152,13,39,8,0,5,34,1,0,19,50,0.257,0.341,0.408,0.749,62,1,2,0,3,0,"Chiba Lotte Marines",2016
10,"Seiya Inoue",26,35,107,99,7,23,5,0,2,16,0,0,5,19,0.232,0.29,0.343,0.633,34,6,3,0,0,0,"Chiba Lotte Marines",2016
11,"Ayumu Ishikawa",28,23,3,2,0,0,0,0,0,0,0,0,0,1,0,0,0,0,0,0,0,1,0,0,"Chiba Lotte Marines",2016
12,"Shota Ishimine",28,3,2,2,1,0,0,0,0,0,0,0,0,0,0,0,0,0,0,0,0,0,0,0,"Chiba Lotte Marines",2016
13,"Katsuya Kakunaka*",29,143,607,525,74,178,30,5,8,69,12,4,68,64,0.339,0.417,0.461,0.877,242,8,6,2,6,6,"Chiba Lotte Marines",2016
14,"Takeshi Kanazawa*",32,17,41,32,4,6,1,0,0,2,0,0,4,13,0.188,0.308,0.219,0.526,7,0,2,2,1,0,"Chiba Lotte Marines",2016
15,"Yuki Karakawa",26,15,1,1,0,0,0,0,0,0,0,0,0,1,0,0,0,0,0,0,0,0,0,0,"Chiba Lotte Marines",2016
16,"Shohei Kato#",25,80,246,216,29,53,8,3,0,12,6,1,13,46,0.245,0.291,0.31,0.601,67,1,1,16,0,0,"Chiba Lotte Marines",2016
17,"Kazuya Katsuki*",20,2,6,6,0,1,0,0,0,0,0,0,0,3,0.167,0.167,0.167,0.333,1,0,0,0,0,0,"Chiba Lotte Marines",2016
18,"Ikuhiro Kiyota",30,106,417,365,39,82,17,1,6,38,5,0,40,76,0.225,0.316,0.326,0.642,119,12,9,3,0,2,"Chiba Lotte Marines",2016
19,"Ryo Miki",24,75,58,54,8,10,1,1,0,2,0,0,1,17,0.185,0.2,0.241,0.441,13,1,0,3,0,0,"Chiba Lotte Marines",2016
20,"Shogo Nakamura",24,108,325,278,37,56,10,1,6,25,4,4,26,70,0.201,0.283,0.309,0.592,86,0,6,14,1,0,"Chiba Lotte Marines",2016
21,"Yamaico Navarro",28,82,340,286,38,62,6,1,10,44,0,3,49,64,0.217,0.329,0.35,0.679,100,5,1,0,4,0,"Chiba Lotte Marines",2016
22,"Shunichi Nemoto*",32,48,121,107,11,23,2,2,2,12,1,0,10,30,0.215,0.286,0.327,0.613,35,2,1,2,1,0,"Chiba Lotte Marines",2016
23,"Takashi Ogino",30,71,219,192,35,48,11,1,3,21,16,2,14,25,0.25,0.314,0.365,0.679,70,3,4,9,0,0,"Chiba Lotte Marines",2016
24,"Yoshifumi Okada*",31,121,356,327,38,90,5,4,0,18,14,7,20,42,0.275,0.323,0.315,0.638,103,2,3,6,0,1,"Chiba Lotte Marines",2016
25,"Shota Omine",24,38,80,72,5,17,4,1,0,7,0,0,2,20,0.236,0.257,0.319,0.576,23,2,0,6,0,0,"Chiba Lotte Marines",2016
26,"Saburo Omura",40,1,4,4,0,1,1,0,0,0,0,0,0,3,0.25,0.25,0.5,0.75,2,0,0,0,0,0,"Chiba Lotte Marines",2016
27,"Ryota Sekiya",25,16,3,2,0,1,0,0,0,1,0,0,1,0,0.5,0.667,0.5,1.167,1,0,0,0,0,0,"Chiba Lotte Marines",2016
28,"Jason Standridge",37,27,3,3,1,0,0,0,0,0,0,0,0,0,0,0,0,0,0,0,0,0,0,0,"Chiba Lotte Marines",2016
29,"Daichi Suzuki*",26,143,583,501,62,143,30,2,6,61,3,1,50,56,0.285,0.356,0.389,0.745,195,9,9,16,7,2,"Chiba Lotte Marines",2016
30,"Takuya Takahama*",26,53,158,144,19,31,6,0,3,13,0,0,8,30,0.215,0.257,0.319,0.576,46,2,0,6,0,0,"Chiba Lotte Marines",2016
31,"Tatsuhiro Tamura",22,130,430,371,27,95,16,3,2,38,6,0,38,91,0.256,0.324,0.332,0.656,123,12,1,17,3,0,"Chiba Lotte Marines",2016
32,"Hideaki Wakui",30,26,6,6,0,0,0,0,0,0,0,0,0,4,0,0,0,0,0,0,0,0,0,0,"Chiba Lotte Marines",2016
33,"Yuta Yoshida",24,24,35,30,1,0,0,0,0,0,0,0,1,12,0,0.032,0,0.032,0,1,0,4,0,0,"Chiba Lotte Marines",2016
1,"Kenji Akashi*",30,47,152,135,17,31,6,2,0,16,6,2,7,34,0.23,0.274,0.304,0.578,41,3,2,6,2,0,"Fukuoka Softbank Hawks",2016
2,"Barbaro Canizares",36,16,42,39,3,7,1,0,0,3,0,0,2,11,0.179,0.238,0.205,0.443,8,1,1,0,0,0,"Fukuoka Softbank Hawks",2016
3,"Tomoaki Egawa",29,42,138,114,17,26,4,1,4,15,0,2,18,44,0.228,0.343,0.386,0.729,44,2,3,1,2,0,"Fukuoka Softbank Hawks",2016
4,"Shuhei Fukuda*",27,81,239,212,30,49,5,4,3,18,11,3,20,51,0.231,0.298,0.335,0.633,71,2,1,4,2,1,"Fukuoka Softbank Hawks",2016
5,"Yuya Hasegawa*",31,122,442,387,45,105,15,3,10,51,2,4,51,95,0.271,0.361,0.403,0.764,156,9,3,1,0,2,"Fukuoka Softbank Hawks",2016
6,"Nao Higashihama",26,23,7,3,0,0,0,0,0,0,0,0,2,2,0,0.4,0,0.4,0,0,0,2,0,0,"Fukuoka Softbank Hawks",2016
7,"Yuichi Honda*",31,110,388,332,52,93,9,1,1,27,23,7,33,51,0.28,0.344,0.322,0.666,107,6,1,19,3,0,"Fukuoka Softbank Hawks",2016
8,"Toru Hosokawa",36,49,115,93,6,21,2,0,1,6,1,0,6,28,0.226,0.28,0.28,0.56,26,4,1,15,0,0,"Fukuoka Softbank Hawks",2016
9,"Kenta Imamiya",24,137,590,497,74,122,22,5,10,56,8,4,47,86,0.245,0.312,0.37,0.682,184,7,3,38,5,0,"Fukuoka Softbank Hawks",2016
10,"Kentaro Inomoto",25,5,10,8,0,0,0,0,0,0,0,0,1,5,0,0.2,0,0.2,0,0,1,0,0,0,"Fukuoka Softbank Hawks",2016
11,"Sho Iwasaki",26,35,1,1,0,0,0,0,0,0,0,0,0,1,0,0,0,0,0,0,0,0,0,0,"Fukuoka Softbank Hawks",2016
12,"Takuya Kai",23,13,7,6,1,1,1,0,0,1,0,0,1,4,0.167,0.286,0.333,0.619,2,0,0,0,0,0,"Fukuoka Softbank Hawks",2016
13,"Go Kamamoto*",22,1,1,1,0,0,0,0,0,0,0,0,0,1,0,0,0,0,0,0,0,0,0,0,"Fukuoka Softbank Hawks",2016
14,"Keisuke Kaneko#",30,10,5,5,0,0,0,0,0,0,0,0,0,4,0,0,0,0,0,0,0,0,0,0,"Fukuoka Softbank Hawks",2016
15,"Keizo Kawashima",32,20,50,40,4,5,0,0,0,3,0,3,8,10,0.125,0.286,0.125,0.411,5,0,1,1,0,0,"Fukuoka Softbank Hawks",2016
16,"Ryuma Kidokoro*",30,84,162,148,32,39,6,1,6,19,11,1,11,45,0.264,0.314,0.439,0.754,65,0,0,3,0,0,"Fukuoka Softbank Hawks",2016
17,"Taisei Makihara*",23,41,97,90,15,22,3,0,0,6,4,0,1,15,0.244,0.25,0.278,0.528,25,0,0,5,1,0,"Fukuoka Softbank Hawks",2016
18,"Nobuhiro Matsuda",33,143,609,548,79,142,23,5,27,85,6,6,48,141,0.259,0.325,0.467,0.792,256,14,8,0,5,2,"Fukuoka Softbank Hawks",2016
19,"Akira Nakamura*",26,143,612,488,69,140,21,1,7,50,6,5,99,53,0.287,0.416,0.377,0.793,184,8,12,9,4,4,"Fukuoka Softbank Hawks",2016
20,"Kenichi Nakata",33,17,2,2,0,0,0,0,0,0,0,0,0,1,0,0,0,0,0,0,0,0,0,0,"Fukuoka Softbank Hawks",2016
21,"Dennis Sarfate",35,64,1,1,0,0,0,0,0,0,0,0,0,1,0,0,0,0,0,0,0,0,0,0,"Fukuoka Softbank Hawks",2016
22,"Kodai Senga*",23,25,5,5,0,1,0,0,0,0,0,0,0,4,0.2,0.2,0.2,0.4,1,0,0,0,0,0,"Fukuoka Softbank Hawks",2016
23,"Tomoki Takata*",26,36,77,63,5,11,2,0,0,2,1,1,10,15,0.175,0.288,0.206,0.494,13,0,0,4,0,0,"Fukuoka Softbank Hawks",2016
24,"Hiroaki Takaya*",34,37,103,81,12,20,0,0,2,16,0,0,10,12,0.247,0.333,0.321,0.654,26,4,1,10,1,0,"Fukuoka Softbank Hawks",2016
25,"Shota Takeda",23,27,6,5,0,0,0,0,0,0,0,0,0,3,0,0,0,0,0,1,0,1,0,0,"Fukuoka Softbank Hawks",2016
26,"Masayoshi Tsukada",26,1,1,1,0,0,0,0,0,0,0,0,0,1,0,0,0,0,0,0,0,0,0,0,"Fukuoka Softbank Hawks",2016
27,"Shinya Tsuruoka",35,103,263,231,14,58,12,2,2,26,1,0,9,26,0.251,0.284,0.346,0.63,80,9,2,20,1,0,"Fukuoka Softbank Hawks",2016
28,"Seiichi Uchikawa",33,141,605,556,62,169,19,0,18,106,3,2,38,53,0.304,0.345,0.435,0.781,242,27,2,0,9,2,"Fukuoka Softbank Hawks",2016
29,"Seiji Uebayashi*",20,14,19,19,0,4,1,0,0,1,0,0,0,7,0.211,0.211,0.263,0.474,5,0,0,0,0,0,"Fukuoka Softbank Hawks",2016
30,"Tsuyoshi Wada*",35,24,3,2,1,0,0,0,0,0,0,0,1,1,0,0.333,0,0.333,0,0,0,0,0,0,"Fukuoka Softbank Hawks",2016
31,"Hiroki Yamada*",27,4,1,0,0,0,0,0,0,0,0,0,0,0,NA,NA,NA,NA,0,0,0,1,0,0,"Fukuoka Softbank Hawks",2016
32,"Ayatsugu Yamashita*",23,13,31,26,1,6,1,0,0,1,0,0,0,8,0.231,0.222,0.269,0.491,7,0,0,4,1,0,"Fukuoka Softbank Hawks",2016
33,"Yuki Yanagita*",27,120,536,428,82,131,31,4,18,73,23,2,100,97,0.306,0.446,0.523,0.969,224,8,8,0,0,2,"Fukuoka Softbank Hawks",2016
34,"Yuki Yoshimura",32,78,206,177,16,37,4,1,5,28,1,1,14,46,0.209,0.287,0.328,0.615,58,5,7,4,4,1,"Fukuoka Softbank Hawks",2016
1,"Kohei Arihara",23,22,4,4,0,0,0,0,0,0,0,0,0,3,0,0,0,0,0,0,0,0,0,0,"Hokkaido Nippon Ham Fighters",2016
2,"Daiki Asama*",20,52,115,110,9,21,4,1,1,9,2,1,4,36,0.191,0.219,0.273,0.492,30,0,0,1,0,0,"Hokkaido Nippon Ham Fighters",2016
3,"Anthony Bass",28,37,3,3,0,0,0,0,0,0,0,0,0,2,0,0,0,0,0,0,0,0,0,0,"Hokkaido Nippon Ham Fighters",2016
4,"Tomoya Ichikawa",31,71,156,133,9,22,2,0,1,12,1,0,8,28,0.165,0.226,0.203,0.429,27,2,3,10,2,1,"Hokkaido Nippon Ham Fighters",2016
5,"Yuji Iiyama",36,36,3,3,1,1,1,0,0,0,0,0,0,2,0.333,0.333,0.667,1,2,0,0,0,0,0,"Hokkaido Nippon Ham Fighters",2016
6,"Shingo Ishikawa",23,12,28,27,0,2,0,0,0,1,0,0,0,5,0.074,0.074,0.074,0.148,2,1,0,1,0,0,"Hokkaido Nippon Ham Fighters",2016
7,"Kensuke Kondo*",22,80,291,257,36,68,9,0,2,27,5,2,29,45,0.265,0.337,0.323,0.66,83,7,0,3,2,0,"Hokkaido Nippon Ham Fighters",2016
8,"Brandon Laird",28,143,598,547,71,144,21,0,39,97,0,0,44,138,0.263,0.319,0.516,0.835,282,16,3,0,4,1,"Hokkaido Nippon Ham Fighters",2016
9,"Go Matsumoto",22,12,22,21,1,5,1,0,0,2,1,0,0,5,0.238,0.238,0.286,0.524,6,0,0,1,0,0,"Hokkaido Nippon Ham Fighters",2016
10,"Luis Mendoza",32,23,4,3,0,0,0,0,0,0,0,0,0,3,0,0,0,0,0,0,0,1,0,0,"Hokkaido Nippon Ham Fighters",2016
11,"Takuya Nakashima*",25,143,600,473,66,115,10,1,0,28,23,9,63,117,0.243,0.333,0.268,0.601,127,5,1,62,1,0,"Hokkaido Nippon Ham Fighters",2016
12,"Sho Nakata",27,141,624,569,61,142,26,1,25,110,2,1,47,126,0.25,0.308,0.431,0.738,245,14,3,0,5,1,"Hokkaido Nippon Ham Fighters",2016
13,"Haruki Nishikawa*",24,138,593,493,76,155,18,4,5,43,41,5,73,113,0.314,0.405,0.398,0.802,196,0,3,22,2,0,"Hokkaido Nippon Ham Fighters",2016
14,"Shohei Ohtani*",21,104,382,323,65,104,18,1,22,67,7,2,54,98,0.322,0.416,0.588,1.004,190,7,1,0,4,2,"Hokkaido Nippon Ham Fighters",2016
15,"Hiromi Oka",24,41,154,131,28,49,7,0,2,12,9,1,15,27,0.374,0.45,0.473,0.924,62,4,4,3,1,0,"Hokkaido Nippon Ham Fighters",2016
16,"Shota Ono",29,109,351,282,26,69,13,0,5,35,1,0,25,63,0.245,0.334,0.344,0.678,97,6,13,31,0,0,"Hokkaido Nippon Ham Fighters",2016
17,"Susumu Orui",25,14,6,6,2,0,0,0,0,0,2,2,0,1,0,0,0,0,0,0,0,0,0,0,"Hokkaido Nippon Ham Fighters",2016
18,"Takumi Oshima*",26,12,17,15,1,3,1,0,0,1,0,0,0,2,0.2,0.235,0.267,0.502,4,0,1,0,1,0,"Hokkaido Nippon Ham Fighters",2016
19,"Yushi Shimizu",20,5,8,8,0,2,0,0,0,0,0,0,0,2,0.25,0.25,0.25,0.5,2,0,0,0,0,0,"Hokkaido Nippon Ham Fighters",2016
20,"Kenshi Sugiya#",25,62,138,104,11,25,5,1,0,9,4,2,11,23,0.24,0.313,0.308,0.621,32,1,0,23,0,1,"Hokkaido Nippon Ham Fighters",2016
21,"Hirotoshi Takanashi",25,37,2,2,0,0,0,0,0,0,0,0,0,2,0,0,0,0,0,0,0,0,0,0,"Hokkaido Nippon Ham Fighters",2016
22,"Kensuke Tanaka*",35,143,626,541,61,147,14,1,2,53,22,8,69,56,0.272,0.361,0.312,0.674,169,4,9,3,4,3,"Hokkaido Nippon Ham Fighters",2016
23,"Yuya Taniguchi*",24,83,211,193,26,49,3,2,1,9,7,0,8,48,0.254,0.287,0.306,0.593,59,2,1,9,0,0,"Hokkaido Nippon Ham Fighters",2016
24,"Ryo Watanabe",21,1,3,3,1,1,0,0,1,1,0,0,0,0,0.333,0.333,1.333,1.667,4,0,0,0,0,0,"Hokkaido Nippon Ham Fighters",2016
25,"Dai-Kang Yang",29,130,555,495,66,145,24,1,14,61,5,6,42,121,0.293,0.359,0.43,0.79,213,10,10,7,1,1,"Hokkaido Nippon Ham Fighters",2016
26,"Kenji Yano",35,34,35,29,1,6,2,0,1,8,0,0,4,5,0.207,0.314,0.379,0.694,11,0,1,0,1,0,"Hokkaido Nippon Ham Fighters",2016
27,"Toshitake Yokoo",23,10,17,17,1,2,0,0,0,0,0,0,0,3,0.118,0.118,0.118,0.235,2,0,0,0,0,0,"Hokkaido Nippon Ham Fighters",2016
28,"Mitsuo Yoshikawa*",28,27,4,3,0,0,0,0,0,0,0,0,0,2,0,0,0,0,0,0,0,1,0,0,"Hokkaido Nippon Ham Fighters",2016
1,"Ryoichi Adachi",28,118,488,403,51,110,15,1,1,34,6,6,42,53,0.273,0.344,0.323,0.667,130,4,4,35,4,0,"Orix Buffaloes",2016
2,"Tony Blanco",34,27,94,78,6,17,2,0,3,13,0,0,14,26,0.218,0.34,0.359,0.699,28,2,1,0,1,0,"Orix Buffaloes",2016
3,"Brian Bogusevic*",32,60,193,171,19,32,12,1,3,18,3,2,15,48,0.187,0.28,0.322,0.601,55,3,7,0,0,1,"Orix Buffaloes",2016
4,"Matt Clark*",29,11,34,29,3,5,1,0,2,4,0,0,5,11,0.172,0.294,0.414,0.708,12,0,0,0,0,0,"Orix Buffaloes",2016
5,"Brandon Dickson",31,27,6,5,1,3,1,0,0,5,0,0,0,1,0.6,0.6,0.8,1.4,4,0,0,1,0,0,"Orix Buffaloes",2016
6,"Torai Fusimi",26,17,35,33,2,8,0,0,0,1,0,0,0,6,0.242,0.286,0.242,0.528,8,1,2,0,0,0,"Orix Buffaloes",2016
7,"Shunta Goto*",23,105,239,214,17,41,5,0,1,9,3,3,11,40,0.192,0.238,0.229,0.467,49,2,2,12,0,0,"Orix Buffaloes",2016
8,"Takuya Hara*",32,36,43,37,1,7,1,0,0,4,0,0,5,7,0.189,0.286,0.216,0.502,8,2,0,1,0,0,"Orix Buffaloes",2016
9,"Hikaru Ito",27,80,203,187,18,45,7,0,3,15,1,0,3,36,0.241,0.257,0.326,0.583,61,6,1,12,0,0,"Orix Buffaloes",2016
10,"Yoshio Itoi*",34,143,616,532,79,163,24,1,17,70,53,17,75,84,0.306,0.398,0.451,0.849,240,13,7,0,2,5,"Orix Buffaloes",2016
11,"Kyohei Iwasaki*",30,9,15,14,0,3,0,0,0,0,0,1,1,5,0.214,0.267,0.214,0.481,3,0,0,0,0,0,"Orix Buffaloes",2016
12,"Takayoshi Kawabata",31,28,71,62,3,12,2,0,0,5,1,0,0,11,0.194,0.203,0.226,0.429,14,1,1,7,1,0,"Orix Buffaloes",2016
13,"Shuhei Kojima*",29,79,219,199,17,49,10,1,0,9,6,7,9,29,0.246,0.289,0.307,0.596,61,3,3,8,0,0,"Orix Buffaloes",2016
14,"Eiichi Koyano",35,50,189,177,14,44,6,0,4,13,1,0,3,30,0.249,0.265,0.35,0.615,62,3,1,8,0,0,"Orix Buffaloes",2016
15,"Takahiro Matsuba*",25,28,2,2,0,2,0,0,0,0,0,0,0,0,1,1,1,2,2,0,0,0,0,0,"Orix Buffaloes",2016
16,"Yuki Miyazaki",29,23,49,42,3,10,1,0,0,0,0,1,3,8,0.238,0.304,0.262,0.566,11,0,1,3,0,0,"Orix Buffaloes",2016
17,"Brent Morel",29,94,348,308,29,75,13,0,8,38,2,0,30,88,0.244,0.319,0.364,0.683,112,10,6,0,4,0,"Orix Buffaloes",2016
18,"Yuma Mune*",20,3,4,4,0,0,0,0,0,0,0,0,0,3,0,0,0,0,0,0,0,0,0,0,"Orix Buffaloes",2016
19,"Hiroyuki Nakajima",33,96,347,314,24,91,23,0,8,47,1,0,26,54,0.29,0.346,0.439,0.785,138,7,3,0,4,0,"Orix Buffaloes",2016
20,"Issei Nakamura",34,7,5,5,1,1,1,0,0,1,0,0,0,1,0.2,0.2,0.4,0.6,2,0,0,0,0,0,"Orix Buffaloes",2016
21,"Yuki Nishi",25,26,4,4,0,1,0,0,0,0,0,0,0,1,0.25,0.25,0.25,0.5,1,0,0,0,0,0,"Orix Buffaloes",2016
22,"Masahiro Nishino*",25,143,610,538,63,142,16,7,2,33,16,5,56,55,0.264,0.335,0.331,0.666,178,7,2,13,1,0,"Orix Buffaloes",2016
23,"Yuya Oda*",26,78,58,51,9,7,0,0,0,3,4,1,5,19,0.137,0.211,0.137,0.348,7,0,0,1,1,0,"Orix Buffaloes",2016
24,"Takahiro Okada*",28,123,513,454,56,129,25,0,20,76,5,1,47,105,0.284,0.357,0.471,0.828,214,12,7,0,5,5,"Orix Buffaloes",2016
25,"Kyo Okunami",20,15,42,34,3,9,2,0,0,1,1,0,7,11,0.265,0.405,0.324,0.728,11,0,1,0,0,0,"Orix Buffaloes",2016
26,"Koji Oshiro",23,64,177,161,11,36,4,1,0,7,1,4,5,38,0.224,0.246,0.261,0.506,42,4,0,10,1,0,"Orix Buffaloes",2016
27,"Takuya Shimada",29,31,46,42,4,7,1,0,1,3,0,0,2,8,0.167,0.205,0.262,0.466,11,1,0,2,0,0,"Orix Buffaloes",2016
28,"Satoshi Sonobe",20,16,57,54,3,11,3,0,1,6,0,0,2,24,0.204,0.246,0.315,0.56,17,0,1,0,0,0,"Orix Buffaloes",2016
29,"Yutaro Sugimoto",25,1,3,3,0,0,0,0,0,0,0,0,0,2,0,0,0,0,0,0,0,0,0,0,"Orix Buffaloes",2016
30,"Kohei Suzuki",25,45,43,38,2,7,0,0,0,4,0,0,1,8,0.184,0.205,0.184,0.389,7,1,0,4,0,0,"Orix Buffaloes",2016
31,"Kengo Takeda",22,10,20,20,1,2,2,0,0,1,0,0,0,3,0.1,0.1,0.2,0.3,4,0,0,0,0,0,"Orix Buffaloes",2016
32,"Daiki Tomei",27,24,5,4,0,1,0,0,0,1,0,0,0,3,0.25,0.25,0.25,0.5,1,0,0,1,0,0,"Orix Buffaloes",2016
33,"Yuki Tsutsumi*",22,1,1,0,0,0,0,0,0,0,0,0,0,0,NA,NA,NA,NA,0,0,0,1,0,0,"Orix Buffaloes",2016
34,"Kenya Wakatsuki",20,85,262,229,22,52,13,0,0,20,0,0,4,42,0.227,0.259,0.284,0.543,65,5,6,23,0,1,"Orix Buffaloes",2016
35,"Nobuyoshi Yamada*",24,12,1,0,0,0,0,0,0,0,0,0,0,0,NA,NA,NA,NA,0,0,0,1,0,0,"Orix Buffaloes",2016
36,"Sachiya Yamasaki*",23,17,2,2,0,0,0,0,0,0,0,0,0,0,0,0,0,0,0,0,0,0,0,0,"Orix Buffaloes",2016
37,"Katsuki Yamazaki",33,43,80,66,2,10,1,0,0,0,0,0,3,16,0.152,0.188,0.167,0.355,11,0,0,11,0,0,"Orix Buffaloes",2016
38,"Masataka Yoshida*",22,63,258,231,35,67,17,0,10,34,0,2,25,34,0.29,0.36,0.494,0.854,114,6,1,0,1,0,"Orix Buffaloes",2016
1,"Shogo Akiyama*",28,143,671,578,98,171,32,4,11,62,18,6,77,103,0.296,0.385,0.422,0.807,244,2,10,0,6,2,"Saitama Seibu Lions",2016
2,"Hideto Asamura",25,143,611,557,73,172,40,0,24,82,8,6,38,108,0.309,0.357,0.51,0.867,284,18,7,3,6,0,"Saitama Seibu Lions",2016
3,"Yuji Kaneko#",26,129,520,460,64,122,12,3,1,33,53,17,40,69,0.265,0.331,0.311,0.642,143,5,6,13,1,0,"Saitama Seibu Lions",2016
4,"Yusei Kikuchi*",25,22,2,2,0,0,0,0,0,0,0,0,0,1,0,0,0,0,0,0,0,0,0,0,"Saitama Seibu Lions",2016
5,"Fumikazu Kimura",27,28,35,30,4,5,1,0,0,2,1,0,2,12,0.167,0.219,0.2,0.419,6,0,0,3,0,0,"Saitama Seibu Lions",2016
6,"Shogo Kimura*",36,38,108,95,7,21,2,1,0,5,3,0,6,22,0.221,0.262,0.263,0.525,25,2,0,5,2,0,"Saitama Seibu Lions",2016
7,"Takayuki Kishi",31,19,2,2,0,0,0,0,0,0,0,0,0,0,0,0,0,0,0,0,0,0,0,0,"Saitama Seibu Lions",2016
8,"Masato Kumashiro",27,28,9,6,2,1,0,0,0,0,0,1,1,2,0.167,0.286,0.167,0.452,1,0,0,2,0,0,"Saitama Seibu Lions",2016
9,"Takumi Kuriyama*",32,135,569,477,52,133,30,2,3,41,0,0,83,87,0.279,0.39,0.369,0.759,176,9,6,0,3,0,"Saitama Seibu Lions",2016
10,"Ernesto Mejia",30,137,583,511,73,129,26,0,35,103,1,1,59,148,0.252,0.333,0.509,0.842,260,15,6,0,7,4,"Saitama Seibu Lions",2016
11,"Daichi Mizuguchi*",27,20,6,6,5,3,0,0,0,1,0,0,0,1,0.5,0.5,0.5,1,3,0,0,0,0,0,"Saitama Seibu Lions",2016
12,"Tomoya Mori*",20,107,392,349,43,102,20,0,10,46,1,1,42,96,0.292,0.367,0.436,0.803,152,3,0,0,1,0,"Saitama Seibu Lions",2016
13,"Kyohei Nagae*",23,74,84,74,5,12,1,0,0,3,1,2,5,24,0.162,0.213,0.176,0.388,13,1,0,4,1,0,"Saitama Seibu Lions",2016
14,"Takeya Nakamura",32,108,432,387,45,92,14,2,21,61,2,1,40,125,0.238,0.313,0.447,0.76,173,9,3,0,2,1,"Saitama Seibu Lions",2016
15,"Ryoma Nogami",29,22,2,2,0,0,0,0,0,0,0,0,0,0,0,0,0,0,0,0,0,0,0,0,"Saitama Seibu Lions",2016
16,"Masatoshi Okada",27,47,79,66,3,15,0,0,0,5,0,0,9,18,0.227,0.338,0.227,0.565,15,2,2,2,0,0,"Saitama Seibu Lions",2016
17,"Yuji Onizaki*",33,79,216,190,30,48,8,2,1,17,1,0,17,53,0.253,0.314,0.332,0.646,63,0,0,9,0,0,"Saitama Seibu Lions",2016
18,"Yutaro Osaki*",31,4,6,5,0,0,0,0,0,0,0,0,1,0,0,0.167,0,0.167,0,0,0,0,0,0,"Saitama Seibu Lions",2016
19,"Felipe Paulino",32,9,2,2,0,0,0,0,0,0,0,0,0,1,0,0,0,0,0,0,0,0,0,0,"Saitama Seibu Lions",2016
20,"Shogo Saito*",27,45,13,12,7,0,0,0,0,0,0,0,1,7,0,0.077,0,0.077,0,0,0,0,0,0,"Saitama Seibu Lions",2016
21,"Ryo Sakata*",29,45,161,151,16,37,8,1,3,26,0,0,8,22,0.245,0.28,0.371,0.65,56,5,0,0,2,0,"Saitama Seibu Lions",2016
22,"Yasuo Sano*",23,15,1,1,0,0,0,0,0,0,0,0,0,0,0,0,0,0,0,0,0,0,0,0,"Saitama Seibu Lions",2016
23,"Ginjiro Sumitani",28,117,326,294,19,64,10,1,1,22,0,1,13,48,0.218,0.251,0.269,0.52,79,12,0,19,0,0,"Saitama Seibu Lions",2016
24,"Kona Takahashi",19,22,2,1,0,0,0,0,0,0,0,0,0,1,0,0,0,0,0,0,0,1,0,0,"Saitama Seibu Lions",2016
25,"Naotaka Takehara",36,22,31,30,2,6,1,0,1,6,0,0,1,4,0.2,0.226,0.333,0.559,10,1,0,0,0,0,"Saitama Seibu Lions",2016
26,"Shotaro Tashiro*",26,13,5,4,2,1,0,0,0,0,0,0,0,0,0.25,0.25,0.25,0.5,1,0,0,1,0,0,"Saitama Seibu Lions",2016
27,"Shinsaburo Tawata",23,18,3,3,0,0,0,0,0,0,0,0,0,2,0,0,0,0,0,0,0,0,0,0,"Saitama Seibu Lions",2016
28,"Shuta Tonosaki",23,37,57,51,8,9,0,0,2,5,6,0,3,11,0.176,0.222,0.294,0.516,15,1,0,3,0,0,"Saitama Seibu Lions",2016
29,"Tatsuyuki Uemoto*",35,67,98,88,7,27,4,0,1,12,0,1,8,23,0.307,0.361,0.386,0.747,34,2,0,1,1,0,"Saitama Seibu Lions",2016
30,"Andy Van Hekken",36,10,4,3,0,1,0,0,0,0,0,0,0,2,0.333,0.333,0.333,0.667,1,0,0,1,0,0,"Saitama Seibu Lions",2016
31,"Naoto Watanabe",35,70,207,181,18,56,3,2,0,16,1,0,10,20,0.309,0.352,0.348,0.7,63,5,3,11,2,0,"Saitama Seibu Lions",2016
32,"Nien Ting Wu*",23,43,142,124,12,24,3,1,0,11,1,0,14,25,0.194,0.282,0.234,0.516,29,4,2,0,2,0,"Saitama Seibu Lions",2016
33,"Hotaka Yamakawa",24,49,157,139,24,36,4,0,14,32,0,0,15,36,0.259,0.335,0.59,0.925,82,1,1,2,0,0,"Saitama Seibu Lions",2016
1,"Toshihito Abe*",27,55,28,27,7,5,2,0,0,2,0,0,0,8,0.185,0.185,0.259,0.444,7,0,0,1,0,0,"Tohoku Rakuten Golden Eagles",2016
2,"Yuichi Adachi",26,73,208,185,14,42,5,0,1,14,0,2,10,36,0.227,0.264,0.27,0.534,50,2,0,11,2,0,"Tohoku Rakuten Golden Eagles",2016
3,"Ginji Akaminai*",28,125,497,424,39,116,17,1,2,43,1,1,61,49,0.274,0.369,0.333,0.702,141,20,5,4,3,5,"Tohoku Rakuten Golden Eagles",2016
4,"Japhet Amador",29,39,138,132,15,34,3,2,9,19,0,0,6,32,0.258,0.29,0.515,0.805,68,6,0,0,0,0,"Tohoku Rakuten Golden Eagles",2016
5,"Luciano Fernando",24,4,11,11,1,2,1,0,0,0,0,0,0,3,0.182,0.182,0.273,0.455,3,1,0,0,0,0,"Tohoku Rakuten Golden Eagles",2016
6,"Kazuya Fujita*",33,120,449,408,27,108,13,5,0,46,1,1,19,44,0.265,0.297,0.321,0.618,131,7,1,18,3,0,"Tohoku Rakuten Golden Eagles",2016
7,"Masayoshi Fukuda",24,36,74,60,6,12,2,0,2,8,2,2,8,11,0.2,0.294,0.333,0.627,20,3,0,6,0,0,"Tohoku Rakuten Golden Eagles",2016
8,"Jonny Gomes",35,18,75,65,5,11,2,0,1,7,0,1,8,22,0.169,0.28,0.246,0.526,16,1,2,0,0,0,"Tohoku Rakuten Golden Eagles",2016
9,"Mitsutaka Goto*",37,50,138,132,16,33,4,1,2,10,2,0,4,30,0.25,0.275,0.341,0.616,45,1,1,0,1,1,"Tohoku Rakuten Golden Eagles",2016
10,"Ryo Hijirisawa*",30,94,229,201,32,59,6,2,3,19,3,3,11,41,0.294,0.335,0.388,0.723,78,5,2,14,1,0,"Tohoku Rakuten Golden Eagles",2016
11,"Toshiaki Imae",32,89,351,317,33,89,7,0,3,23,2,1,25,30,0.281,0.34,0.331,0.671,105,13,4,4,1,0,"Tohoku Rakuten Golden Eagles",2016
12,"Tadashi Ishimine*",31,27,22,18,0,3,0,0,0,1,0,1,1,4,0.167,0.2,0.167,0.367,3,0,0,2,1,1,"Tohoku Rakuten Golden Eagles",2016
13,"Yoshinao Kamata",22,20,5,5,1,1,1,0,0,1,0,0,0,2,0.2,0.2,0.4,0.6,2,0,0,0,0,0,"Tohoku Rakuten Golden Eagles",2016
14,"Takashi Kawai*",39,5,2,2,0,0,0,0,0,0,0,0,0,0,0,0,0,0,0,0,0,0,0,0,"Tohoku Rakuten Golden Eagles",2016
15,"Ryohei Kawamoto",34,11,23,19,1,3,1,0,0,2,0,0,1,4,0.158,0.238,0.211,0.449,4,0,1,2,0,0,"Tohoku Rakuten Golden Eagles",2016
16,"Shota Koseki",24,7,9,7,0,0,0,0,0,0,0,0,1,3,0,0.125,0,0.125,0,0,0,1,0,0,"Tohoku Rakuten Golden Eagles",2016
17,"Akihisa Makida",34,16,34,31,2,11,2,0,0,2,0,0,2,2,0.355,0.394,0.419,0.813,13,3,0,1,0,0,"Tohoku Rakuten Golden Eagles",2016
18,"Shintaro Masuda*",28,45,66,54,5,15,1,0,1,6,3,0,11,23,0.278,0.409,0.352,0.761,19,1,1,0,0,0,"Tohoku Rakuten Golden Eagles",2016
19,"Kazuo Matsui#",40,56,179,160,19,34,6,1,2,13,3,0,17,42,0.213,0.291,0.3,0.591,48,5,1,0,1,1,"Tohoku Rakuten Golden Eagles",2016
20,"Manabu Mima*",29,26,3,3,0,2,0,0,0,1,0,0,0,1,0.667,0.667,0.667,1.333,2,0,0,0,0,0,"Tohoku Rakuten Golden Eagles",2016
21,"Takumi Miyoshi",23,38,70,63,11,14,0,0,3,6,0,0,5,16,0.222,0.279,0.365,0.644,23,1,0,2,0,0,"Tohoku Rakuten Golden Eagles",2016
22,"Eigoro Mogi*",22,117,481,424,56,118,20,7,7,40,11,4,30,95,0.278,0.33,0.408,0.738,173,8,4,21,2,0,"Tohoku Rakuten Golden Eagles",2016
23,"Taishi Nakagawa",26,22,80,74,8,15,2,0,2,18,0,0,5,21,0.203,0.253,0.311,0.564,23,1,0,1,0,0,"Tohoku Rakuten Golden Eagles",2016
24,"Tetsuro Nishida",24,11,21,20,3,2,0,0,1,1,0,0,1,6,0.1,0.143,0.25,0.393,5,2,0,0,0,0,"Tohoku Rakuten Golden Eagles",2016
25,"Takahiro Norimoto*",25,28,4,3,0,0,0,0,0,0,0,0,1,2,0,0.25,0,0.25,0,0,0,0,0,0,"Tohoku Rakuten Golden Eagles",2016
26,"Takero Okajima*",26,127,485,420,44,106,13,4,6,35,7,9,46,49,0.252,0.338,0.345,0.683,145,4,10,6,3,2,"Tohoku Rakuten Golden Eagles",2016
27,"Louis Okoye",18,51,130,119,14,22,6,2,1,6,4,4,6,27,0.185,0.233,0.294,0.527,35,1,2,1,2,0,"Tohoku Rakuten Golden Eagles",2016
28,"Carlos Peguero*",29,51,200,183,25,51,7,1,10,26,0,0,17,67,0.279,0.34,0.492,0.832,90,2,0,0,0,0,"Tohoku Rakuten Golden Eagles",2016
29,"Felix Perez*",31,24,93,88,8,21,2,0,5,15,0,0,5,29,0.239,0.28,0.432,0.711,38,2,0,0,0,0,"Tohoku Rakuten Golden Eagles",2016
30,"Motohiro Shima",31,80,256,199,26,54,9,1,2,17,4,4,40,43,0.271,0.393,0.357,0.75,71,6,0,17,0,0,"Tohoku Rakuten Golden Eagles",2016
31,"Hiroaki Shimauchi*",26,114,388,342,43,98,9,2,9,41,10,2,33,48,0.287,0.349,0.404,0.753,138,7,2,7,4,0,"Tohoku Rakuten Golden Eagles",2016
32,"Takahiro Shiomi*",27,24,4,4,0,0,0,0,0,0,0,0,0,3,0,0,0,0,0,0,0,0,0,0,"Tohoku Rakuten Golden Eagles",2016
33,"Kenji Tomura",28,11,4,4,0,0,0,0,0,0,0,0,0,3,0,0,0,0,0,0,0,0,0,0,"Tohoku Rakuten Golden Eagles",2016
34,"Yasuhito Uchida",21,17,58,54,3,11,4,0,2,7,0,0,4,27,0.204,0.259,0.389,0.648,21,0,0,0,0,0,"Tohoku Rakuten Golden Eagles",2016
35,"Zelous Wheeler",29,140,589,517,74,137,25,2,27,88,2,1,58,123,0.265,0.351,0.478,0.829,247,10,12,0,2,0,"Tohoku Rakuten Golden Eagles",2016
36,"Ryota Yoshimochi",22,21,37,31,6,5,0,1,0,1,1,1,3,6,0.161,0.235,0.226,0.461,7,0,0,3,0,0,"Tohoku Rakuten Golden Eagles",2016
